"Path","Lines","H1"
"0-概述\0-概述.md","29","概述"
"1-ModAPI\接口\成就.md","138","成就"
"1-ModAPI\接口\方块\床.md","82","床"
"1-ModAPI\接口\方块\方块调色板.md","351","方块调色板"
"1-ModAPI\接口\方块\方块几何体模型.md","359","方块几何体模型"
"1-ModAPI\接口\方块\方块实体.md","1102","方块实体"
"1-ModAPI\接口\方块\方块状态与附加值.md","190","方块状态与附加值"
"1-ModAPI\接口\方块\告示牌.md","154","告示牌"
"1-ModAPI\接口\方块\红石.md","75","红石"
"1-ModAPI\接口\方块\容器.md","663","容器"
"1-ModAPI\接口\方块\属性.md","184","属性"
"1-ModAPI\接口\方块\索引.md","167","索引"
"1-ModAPI\接口\方块\渲染.md","665","渲染"
"1-ModAPI\接口\后处理\渐晕.md","200","渐晕"
"1-ModAPI\接口\后处理\镜头效果.md","431","镜头效果"
"1-ModAPI\接口\后处理\模糊.md","101","模糊"
"1-ModAPI\接口\后处理\色彩.md","201","色彩"
"1-ModAPI\接口\后处理\索引.md","78","索引"
"1-ModAPI\接口\后处理\自定义.md","446","自定义"
"1-ModAPI\接口\控制.md","1654","控制"
"1-ModAPI\接口\联机大厅.md","323","联机大厅"
"1-ModAPI\接口\模型.md","2318","模型"
"1-ModAPI\接口\山头服务器.md","44","山头服务器"
"1-ModAPI\接口\商城.md","161","商城"
"1-ModAPI\接口\实体\背包.md","162","背包"
"1-ModAPI\接口\实体\标签.md","132","标签"
"1-ModAPI\接口\实体\附加值.md","68","附加值"
"1-ModAPI\接口\实体\官方伙伴.md","69","官方伙伴"
"1-ModAPI\接口\实体\官方聊天扩展.md","228","官方聊天扩展"
"1-ModAPI\接口\实体\经验球.md","71","经验球"
"1-ModAPI\接口\实体\魔法指令.md","66","魔法指令"
"1-ModAPI\接口\实体\抛射物.md","36","抛射物"
"1-ModAPI\接口\实体\实体类型.md","206","实体类型"
"1-ModAPI\接口\实体\属性.md","3163","属性"
"1-ModAPI\接口\实体\索引.md","388","索引"
"1-ModAPI\接口\实体\行为.md","2568","行为"
"1-ModAPI\接口\实体\渲染.md","2385","渲染"
"1-ModAPI\接口\实体\状态效果.md","249","状态效果"
"1-ModAPI\接口\实体\自定义属性.md","264","自定义属性"
"1-ModAPI\接口\实体\自定义数据.md","195","自定义数据"
"1-ModAPI\接口\实体\molang.md","360","molang"
"1-ModAPI\接口\世界\地图.md","2103","地图"
"1-ModAPI\接口\世界\方块管理.md","617","方块管理"
"1-ModAPI\接口\世界\方块组合.md","369","方块组合"
"1-ModAPI\接口\世界\记分板.md","136","记分板"
"1-ModAPI\接口\世界\配方.md","430","配方"
"1-ModAPI\接口\世界\生物生成.md","111","生物生成"
"1-ModAPI\接口\世界\时间.md","482","时间"
"1-ModAPI\接口\世界\实体管理.md","1086","实体管理"
"1-ModAPI\接口\世界\索引.md","344","索引"
"1-ModAPI\接口\世界\天气.md","339","天气"
"1-ModAPI\接口\世界\消息.md","408","消息"
"1-ModAPI\接口\世界\行为.md","157","行为"
"1-ModAPI\接口\世界\渲染.md","1224","渲染"
"1-ModAPI\接口\世界\游戏规则.md","1266","游戏规则"
"1-ModAPI\接口\世界\指令.md","180","指令"
"1-ModAPI\接口\世界\自定义数据.md","195","自定义数据"
"1-ModAPI\接口\特效\粒子.md","821","粒子"
"1-ModAPI\接口\特效\模型特效.md","110","模型特效"
"1-ModAPI\接口\特效\索引.md","142","索引"
"1-ModAPI\接口\特效\通用.md","33","通用"
"1-ModAPI\接口\特效\微软粒子.md","1536","微软粒子"
"1-ModAPI\接口\特效\文字面板.md","402","文字面板"
"1-ModAPI\接口\特效\序列帧.md","761","序列帧"
"1-ModAPI\接口\通用\本地存储.md","75","本地存储"
"1-ModAPI\接口\通用\本地设备.md","242","本地设备"
"1-ModAPI\接口\通用\调试.md","1083","调试"
"1-ModAPI\接口\通用\工具.md","992","工具"
"1-ModAPI\接口\通用\事件.md","478","事件"
"1-ModAPI\接口\通用\数学.md","342","数学"
"1-ModAPI\接口\通用\索引.md","167","索引"
"1-ModAPI\接口\通用\Component.md","419","Component"
"1-ModAPI\接口\通用\System.md","216","System"
"1-ModAPI\接口\玩家\背包.md","900","背包"
"1-ModAPI\接口\玩家\导航.md","120","导航"
"1-ModAPI\接口\玩家\动画.md","73","动画"
"1-ModAPI\接口\玩家\权限.md","403","权限"
"1-ModAPI\接口\玩家\摄像机.md","1338","摄像机"
"1-ModAPI\接口\玩家\属性.md","1309","属性"
"1-ModAPI\接口\玩家\索引.md","269","索引"
"1-ModAPI\接口\玩家\行为.md","2158","行为"
"1-ModAPI\接口\玩家\渲染.md","653","渲染"
"1-ModAPI\接口\玩家\游戏模式.md","107","游戏模式"
"1-ModAPI\接口\物理.md","671","物理"
"1-ModAPI\接口\物品.md","2102","物品"
"1-ModAPI\接口\物品\钓鱼线.md","206","钓鱼线"
"1-ModAPI\接口\虚拟世界\模型.md","888","模型"
"1-ModAPI\接口\虚拟世界\其它对象.md","125","其它对象"
"1-ModAPI\接口\虚拟世界\世界.md","202","世界"
"1-ModAPI\接口\虚拟世界\索引.md","75","索引"
"1-ModAPI\接口\虚拟世界\相机.md","346","相机"
"1-ModAPI\接口\渲染.md","990","渲染"
"1-ModAPI\接口\音效.md","363","音效"
"1-ModAPI\接口\游戏设置.md","479","游戏设置"
"1-ModAPI\接口\原生UI.md","1342","原生UI"
"1-ModAPI\接口\自定义UI\索引.md","273","索引"
"1-ModAPI\接口\自定义UI\通用.md","797","通用"
"1-ModAPI\接口\自定义UI\通用设置.md","902","通用设置"
"1-ModAPI\接口\自定义UI\自定义成就系统.md","244","自定义成就系统"
"1-ModAPI\接口\自定义UI\自定义书本.md","35","自定义书本"
"1-ModAPI\接口\自定义UI\UI界面.md","1043","UI界面"
"1-ModAPI\接口\自定义UI\UI控件.md","5619","UI控件"
"1-ModAPI\接口\Api索引表.md","2046","API索引表"
"1-ModAPI\枚举值\索引.md","85","索引"
"1-ModAPI\枚举值\ActorDamageCause.md","52","ActorDamageCause"
"1-ModAPI\枚举值\AniCheatBlockBreak.md","18","AniCheatBlockBreak"
"1-ModAPI\枚举值\AniCheatConsts.md","21","AniCheatConsts"
"1-ModAPI\枚举值\AniCheatMove.md","19","AniCheatMove"
"1-ModAPI\枚举值\AniCheatMoveRewind.md","19","AniCheatMoveRewind"
"1-ModAPI\枚举值\AnimationModeType.md","19","AnimationModeType"
"1-ModAPI\枚举值\ArmorSlotType.md","21","ArmorSlotType"
"1-ModAPI\枚举值\AttributeBuffType.md","27","AttributeBuffType"
"1-ModAPI\枚举值\AttributeModifierOperation.md","22","AttributeModifierOperation"
"1-ModAPI\枚举值\AttributeOperands.md","21","AttributeOperands"
"1-ModAPI\枚举值\AttrType.md","44","AttrType"
"1-ModAPI\枚举值\BiomeType.md","103","BiomeType"
"1-ModAPI\枚举值\BlockBreathability.md","18","BlockBreathability"
"1-ModAPI\枚举值\BrewingStandSlotType.md","21","BrewingStandSlotType"
"1-ModAPI\枚举值\ButtonEventType.md","19","ButtonEventType"
"1-ModAPI\枚举值\ButtonState.md","18","ButtonState"
"1-ModAPI\枚举值\CatVariantType.md","27","CatVariantType"
"1-ModAPI\枚举值\Change.md","18","Change"
"1-ModAPI\枚举值\ColorCode.md","38","ColorCode"
"1-ModAPI\枚举值\CommandBlockType.md","19","CommandBlockType"
"1-ModAPI\枚举值\ConditionType.md","18","ConditionType"
"1-ModAPI\枚举值\ContainerType.md","42","ContainerType"
"1-ModAPI\枚举值\EffectType.md","53","EffectType"
"1-ModAPI\枚举值\EnchantSlotType.md","52","EnchantSlotType"
"1-ModAPI\枚举值\EnchantType.md","61","EnchantType"
"1-ModAPI\枚举值\EntityColorType.md","32","EntityColorType"
"1-ModAPI\枚举值\EntityComponentType.md","138","EntityComponentType"
"1-ModAPI\枚举值\EntityTeleportCause.md","25","EntityTeleportCause"
"1-ModAPI\枚举值\EntityType.md","177","EntityType"
"1-ModAPI\枚举值\Facing.md","22","Facing"
"1-ModAPI\枚举值\FoxType.md","18","FoxType"
"1-ModAPI\枚举值\GameDiffculty.md","22","GameDiffculty"
"1-ModAPI\枚举值\GamepadKeyType.md","39","GamepadKeyType"
"1-ModAPI\枚举值\GameType.md","22","GameType"
"1-ModAPI\枚举值\HorseSpotType.md","21","HorseSpotType"
"1-ModAPI\枚举值\HorseType.md","23","HorseType"
"1-ModAPI\枚举值\InputMode.md","20","InputMode"
"1-ModAPI\枚举值\InventoryType.md","21","InventoryType"
"1-ModAPI\枚举值\ItemAcquisitionMethod.md","32","ItemAcquisitionMethod"
"1-ModAPI\枚举值\ItemCategory.md","21","ItemCategory"
"1-ModAPI\枚举值\ItemColor.md","32","ItemColor"
"1-ModAPI\枚举值\ItemPosType.md","20","ItemPosType"
"1-ModAPI\枚举值\ItemUseMethodEnum.md","34","ItemUseMethodEnum"
"1-ModAPI\枚举值\KeyBoardType.md","127","KeyBoardType"
"1-ModAPI\枚举值\MirrorModeType.md","20","MirrorModeType"
"1-ModAPI\枚举值\OpenContainerId.md","38","OpenContainerId"
"1-ModAPI\枚举值\OptionId.md","32","OptionId"
"1-ModAPI\枚举值\OriginGUIName.md","60","OriginGUIName"
"1-ModAPI\枚举值\PermissionChangeCause.md","20","PermissionChangeCause"
"1-ModAPI\枚举值\PlayerActionType.md","32","PlayerActionType"
"1-ModAPI\枚举值\PlayerExhauseRatioType.md","22","PlayerExhauseRatioType"
"1-ModAPI\枚举值\PlayerUISlot.md","49","PlayerUISlot"
"1-ModAPI\枚举值\PxActorFlag.md","18","PxActorFlag"
"1-ModAPI\枚举值\PxEventMask.md","22","PxEventMask"
"1-ModAPI\枚举值\PxForceMode.md","20","PxForceMode"
"1-ModAPI\枚举值\PxRigidBodyFlag.md","17","PxRigidBodyFlag"
"1-ModAPI\枚举值\PxRigidDynamicLockFlag.md","22","PxRigidDynamicLockFlag"
"1-ModAPI\枚举值\RayFilterType.md","19","RayFilterType"
"1-ModAPI\枚举值\RedstoneModeType.md","18","RedstoneModeType"
"1-ModAPI\枚举值\RenderControllerArrayType.md","19","RenderControllerArrayType"
"1-ModAPI\枚举值\RenderLayer.md","40","RenderLayer"
"1-ModAPI\枚举值\SetBlockType.md","19","SetBlockType"
"1-ModAPI\枚举值\ShapeType.md","23","ShapeType"
"1-ModAPI\枚举值\SliderOptionId.md","28","SliderOptionId"
"1-ModAPI\枚举值\StructureFeatureType.md","35","StructureFeatureType"
"1-ModAPI\枚举值\TimeEaseType.md","48","TimeEaseType"
"1-ModAPI\枚举值\TouchEvent.md","23","TouchEvent"
"1-ModAPI\枚举值\TradeLevelType.md","21","TradeLevelType"
"1-ModAPI\枚举值\TransferServerFailReason.md","23","TransferServerFailReason"
"1-ModAPI\枚举值\UiBaseLayer.md","22","UiBaseLayer"
"1-ModAPI\枚举值\UICategory.md","38","UICategory"
"1-ModAPI\枚举值\UseAnimation.md","27","UseAnimation"
"1-ModAPI\枚举值\VillagerClothingType.md","23","VillagerClothingType"
"1-ModAPI\枚举值\VirtualWorldObjectType.md","20","VirtualWorldObjectType"
"1-ModAPI\枚举值\WalkState.md","19","WalkState"
"1-ModAPI\事件\方块.md","2454","方块"
"1-ModAPI\事件\控制.md","546","控制"
"1-ModAPI\事件\联机大厅.md","34","联机大厅"
"1-ModAPI\事件\模型.md","237","模型"
"1-ModAPI\事件\实体.md","1514","实体"
"1-ModAPI\事件\世界.md","1400","世界"
"1-ModAPI\事件\事件索引表.md","367","事件索引表"
"1-ModAPI\事件\玩家.md","1405","玩家"
"1-ModAPI\事件\物理.md","203","物理"
"1-ModAPI\事件\物品.md","1578","物品"
"1-ModAPI\事件\音效.md","80","音效"
"1-ModAPI\事件\游戏设置.md","111","游戏设置"
"1-ModAPI\事件\UI.md","397","UI"
"2-Apollo\0-Apollo更新信息.md","3201","Apollo更新信息"
"2-Apollo\4-SDK\1-大厅与游戏服事件.md","247","<span id=""1-大厅与游戏服事件""></span>1-大厅与游戏服事件"
"2-Apollo\4-SDK\10-启动器信息API.md","292","<span id=""启动器信息API""></span>启动器信息API"
"2-Apollo\4-SDK\2-控制服事件.md","197","<span id=""2-控制服事件""></span>2-控制服事件"
"2-Apollo\4-SDK\3-功能服事件.md","89","<span id=""3-功能服事件""></span>3-功能服事件"
"2-Apollo\4-SDK\4-控制服API.md","1018","<span id=""4-控制服API""></span>4-控制服API"
"2-Apollo\4-SDK\5-功能服API.md","674","<span id=""5-功能服API""></span>5-功能服API"
"2-Apollo\4-SDK\6-大厅与游戏服API.md","1586","<span id=""6-大厅与游戏服API""></span>6-大厅与游戏服API"
"2-Apollo\4-SDK\7-公共API.md","1982","<span id=""7-公共API""></span>7-公共API"
"2-Apollo\4-SDK\8-服务器通信.md","1087","<span id=""8-服务器通信""></span>8-服务器通信"
"2-Apollo\4-SDK\9-运营指令.md","825","运营指令"
"2-Apollo\5-官方插件简介.md","307","官方插件介绍"
"2-Apollo\6-第三方插件简介.md","213","第三方插件介绍"
"3-PresetAPI\更新信息\1.23.0.md","257","1.23.0"
"3-PresetAPI\更新信息\1.23.1.md","771","1.23.1"
"3-PresetAPI\更新信息\1.23.2.md","25","1.23.2"
"3-PresetAPI\更新信息\1.23.3.md","22","1.23.3"
"3-PresetAPI\更新信息\1.23.4.md","226","1.23.4"
"3-PresetAPI\更新信息\1.24.0.md","30","1.24.0"
"3-PresetAPI\更新信息\1.24.1.md","33","1.24.1"
"3-PresetAPI\更新信息\1.25.0.md","23","1.25.0"
"3-PresetAPI\更新信息\2.0.1.md","11","2.0.1"
"3-PresetAPI\更新信息\2.0.2.md","77","2.0.2"
"3-PresetAPI\更新信息\2.0.3.md","39","2.0.3"
"3-PresetAPI\更新信息\2.2.0.md","7","2.2.0"
"3-PresetAPI\更新信息\2.4.0.md","31","2.4.0"
"3-PresetAPI\预设对象\零件\触发器零件TriggerPart.md","54","触发器零件TriggerPart"
"3-PresetAPI\预设对象\零件\传送门零件PortalPart.md","25","传送门零件PortalPart"
"3-PresetAPI\预设对象\零件\导航路径零件NavPointsPart.md","76","导航路径零件NavPointsPart"
"3-PresetAPI\预设对象\零件\零件事件PartEvent.md","113","零件事件PartEvent"
"3-PresetAPI\预设对象\零件\零件PartBase.md","1170","零件PartBase"
"3-PresetAPI\预设对象\零件\实体零件EntityBasePart.md","76","实体零件EntityBasePart"
"3-PresetAPI\预设对象\零件\世界属性零件WorldPart.md","24","世界属性零件WorldPart"
"3-PresetAPI\预设对象\零件\玩家基础属性零件PlayerBasicPart.md","27","玩家基础属性零件PlayerBasicPart"
"3-PresetAPI\预设对象\零件\相机轨迹CameraTrackPart.md","114","相机轨迹CameraTrackPart"
"3-PresetAPI\预设对象\通用\变换对象TransformObject.md","1064","变换对象TransformObject"
"3-PresetAPI\预设对象\通用\素材数据BoxData.md","37","素材数据BoxData"
"3-PresetAPI\预设对象\通用\游戏对象GameObject.md","82","游戏对象GameObject"
"3-PresetAPI\预设对象\通用\坐标变换Transform.md","158","坐标变换Transform"
"3-PresetAPI\预设对象\通用\SDK接口封装SdkInterface.md","10318","SDK接口封装SdkInterface"
"3-PresetAPI\预设对象\预设\方块预设BlockPreset.md","78","方块预设BlockPreset"
"3-PresetAPI\预设对象\预设\界面预设UIPreset.md","178","界面预设UIPreset"
"3-PresetAPI\预设对象\预设\实体对象EntityObject.md","2844","实体对象EntityObject"
"3-PresetAPI\预设对象\预设\实体预设EntityPreset.md","51","实体预设EntityPreset"
"3-PresetAPI\预设对象\预设\特效对象EffectObject.md","247","特效对象EffectObject"
"3-PresetAPI\预设对象\预设\特效预设EffectPreset.md","106","特效预设EffectPreset"
"3-PresetAPI\预设对象\预设\玩家对象PlayerObject.md","1200","玩家对象PlayerObject"
"3-PresetAPI\预设对象\预设\玩家预设PlayerPreset.md","57","玩家预设PlayerPreset"
"3-PresetAPI\预设对象\预设\文字面板对象TextboardObject.md","322","文字面板对象TextboardObject"
"3-PresetAPI\预设对象\预设\文字面板预设TextboardPreset.md","47","文字面板预设TextboardPreset"
"3-PresetAPI\预设对象\预设\预设基类PresetBase.md","599","预设基类PresetBase"
"3-PresetAPI\预设管理\PresetApi.md","582","PresetApi"
